Topics,Perplexity
4,0.0003294318378947105
5,0.0003267718957757385
